<?xml version="1.0" encoding="ISO-8859-1"?>
<metadata>
	<idinfo>
		<citation>
			<citeinfo>
				<origin>County of Sonoma GIS Central</origin>
				<title Sync="TRUE">MAIN.BASE.ADR_ADDRESSES</title>
				<geoform Sync="TRUE">vector digital data</geoform>
				<onlink Sync="TRUE">Server=sc-gissql; Service=sde:sqlserver:sc-gissql\scgissql; Database=MAIN; User=BASE; Version=sde.DEFAULT</onlink>
				<pubdate>2/2/2005</pubdate><ftname Sync="TRUE">MAIN.BASE.ADR_ADDRESSES</ftname></citeinfo>
		</citation>
		<descript><langdata Sync="TRUE">en</langdata><abstract>Originally created to fill in gaps or other address range difficulties for the County of Sonoma dispatching system.  To identify specific or special addresses that may or may not be difficult to find on the ground in the field.  Most points will be directly on top of a structure but can also be in driveways or on the ground nearby if the parcel has multiple structures or if the structures are hidden by treecover.  The structure is some distance from the road, many addresses could be attributable to one street address, and at the request of CAD 911 dispatchers for various reasons.</abstract><purpose>To identify specific addresses for CAD 911 dispatch purposes and to filter out any non 911 related addresses from ADR_BASE for use in the dispatch system.  This is a view of all addresses with SCOPE='DISPATCH'.  It is intended to restrict addresses only to those that have been checked for inclusion in the dispatch address list but in practice all of the addresses have this in scope.</purpose></descript>
		<timeperd>
			<timeinfo>
				<sngdate><caldate>20130104</caldate></sngdate>
			</timeinfo>
			<current>publication date</current></timeperd>
		<status><progress>In work</progress><update>Continually</update></status>
		<spdom>
			<bounding>
				<westbc Sync="TRUE">-123.533177</westbc>
				<eastbc Sync="TRUE">-122.368647</eastbc>
				<northbc Sync="TRUE">38.854791</northbc>
				<southbc Sync="TRUE">38.107347</southbc>
			</bounding>
			<lboundng><leftbc Sync="TRUE">6125034.000059</leftbc><rightbc Sync="TRUE">6455599.000017</rightbc><bottombc Sync="TRUE">1804559.000124</bottombc><topbc Sync="TRUE">2073336.999969</topbc></lboundng></spdom>
		<keywords>
			<place>
				<placekey>Sonoma County</placekey>
				<placekey>County of Sonoma</placekey>
				<placekey>Sonoma</placekey>
				<placekey>California</placekey><placekey>Bay Area</placekey></place>
			<theme><themekt>Points</themekt><themekey>dispatch</themekey><themekey>address</themekey><themekey>special</themekey><themekey>special address</themekey><themekey>points</themekey><themekey>scope</themekey><themekey>base</themekey></theme></keywords>
		<accconst>This layer is for use by employees of County of Sonoma &amp; available to the public by contacting the County of Sonoma GIS Central; 2615 Paulin Drive, Santa Rosa, CA 95403. (707) 565-3819 or email inquires are accepted at: gis@sonoma-county.org</accconst>
		<useconst>
This layer is a visual aid only and does not reflect any official county information.  These data should NOT be represented as survey data, and the official record of survey or other related official records takes precedence where there are discrepancies.  It is the end user's responsibility to check the accuracy of the GIS data by comparing it with the published data from the Sonoma County Assessor / Recorder office.

You may use, copy, merge, alter, reproduce and/or create derivative works of the digital data for your agency's INTERNAL USE ONLY.  You may make one (1) archival copy of the CD for back-up purposes
</useconst>
		<ptcontac>
			<cntinfo>
				<cntorgp>
					<cntorg>County of Sonoma ISD GIS Central</cntorg>
				</cntorgp>
				<cntaddr>
					<addrtype>mailing address</addrtype>
					<address>2619 Paulin Drive</address>
					<city>Santa Rosa</city>
					<state>CA</state>
					<postal>95403</postal>
					<country>USA</country>
				</cntaddr>
				<cntvoice>(707) 565 3819</cntvoice>
				<cntfax>(707) 565-3009</cntfax>
				<cntemail>gis@sonoma-county.org</cntemail>
				<hours>M-F 8-5</hours>
				<cntinst>Data requests should be directed to the contact Email address, General questions should be directed to the Contact Voice Telephone and a detailed message left.  The call will be directed to the appropriate staff member.</cntinst>
			</cntinfo>
		</ptcontac>
		<datacred>County of Sonoma GIS Central</datacred>
		<native Sync="TRUE">Microsoft Windows XP Version 5.1 (Build 2600) Service Pack 3; ESRI ArcCatalog 9.3.1.3500</native>
		<natvform Sync="TRUE">SDE Feature Class</natvform></idinfo>
	<dataqual>
		<attracc></attracc>
		<posacc>
			<horizpa>
				<horizpar>This GIS data are intended for small scale mapping purposes only (i.e., 1:24,000 scale or smaller), and should NOT be represented, in hard copy or digital form, as ground-surveyed data.  Use of these data for any reason other than for planning purposes is NOT recommended, and the liabilities of such usage are the sole responsibility of the entity using this data.</horizpar>
			</horizpa>
			<vertacc>
				<vertaccr>Not Available</vertaccr>
			</vertacc>
		</posacc>
		<lineage>
			<procstep>
				<procdesc>Metadata imported and extensively modified.</procdesc>
				<srcused>B:\data\base\metadata\sonoma_template.xml</srcused>
				<procdate>1/2004</procdate>
				<proccont>
					<cntinfo>
						<cntaddr>
							<addrtype>mailing address</addrtype>
							<address>2615 Paulin Drive</address>
							<city>Santa Rosa</city>
							<state>CA</state>
							<postal>95404</postal>
							<country>USA</country>
						</cntaddr>
						<cntvoice>(707)565-3819</cntvoice>
						<cntfax>(707)565-3009</cntfax>
						<cntemail>gis@sonoma-county.org</cntemail>
						<hours>M - F, 8 - 5</hours>
						<cntorgp><cntorg>County of Sonoma ISD GIS Central</cntorg></cntorgp></cntinfo>
				</proccont>
			</procstep>
			<procstep>
				<procdesc>Dataset copied.</procdesc>
				<srcused>Server=sc-gisdb2; Service=5151; Database=scgisdb2; User=mhansen; Version=SDE.DEFAULT</srcused>
			</procstep>
			<procstep><procdesc Sync="TRUE">Metadata imported.</procdesc><srcused Sync="TRUE">C:\DOCUME~1\mloose\LOCALS~1\Temp\xml6B.tmp</srcused><date Sync="TRUE">20040405</date><time Sync="TRUE">09421000</time></procstep><procstep><procdesc Sync="TRUE">Metadata imported.</procdesc><srcused Sync="TRUE">\\sc-gissql\Data\GIS Data\Metadata\Sonoma County\XML\Restricted_Layers\ADR_BASE.xml</srcused><procdate Sync="TRUE">20091112</procdate><proctime Sync="TRUE">07260100</proctime></procstep><procstep><procdesc Sync="TRUE">Metadata imported.</procdesc><srcused Sync="TRUE">\\sc-gissql\data\GIS Data\Metadata\Sonoma County\XML\ADR_ADDRESSES.xml</srcused><procdate Sync="TRUE">20120502</procdate><proctime Sync="TRUE">07561500</proctime></procstep></lineage>
	</dataqual>
	<spdoinfo>
		<indspref>Parcels</indspref>
		<direct Sync="TRUE">Vector</direct>
		<ptvctinf>
			<sdtsterm Name="MAIN.BASE.ADR_ADDRESSES">
				<sdtstype Sync="TRUE">Entity point</sdtstype>
				<ptvctcnt Sync="TRUE">214240</ptvctcnt>
			</sdtsterm>
			<esriterm Name="MAIN.BASE.ADR_ADDRESSES"><efeatyp Sync="TRUE">Simple</efeatyp><efeageom Sync="TRUE">Point</efeageom><esritopo Sync="TRUE">FALSE</esritopo><efeacnt Sync="TRUE">214240</efeacnt><spindex Sync="TRUE">TRUE</spindex><linrefer Sync="TRUE">FALSE</linrefer></esriterm></ptvctinf>
	</spdoinfo>
	<spref>
		<horizsys>
			<planar>
				<planci>
					<plance Sync="TRUE">coordinate pair</plance>
					<coordrep>
						<absres Sync="TRUE">0.000328</absres>
						<ordres Sync="TRUE">0.000328</ordres>
					</coordrep>
					<plandu Sync="TRUE">survey feet</plandu>
				</planci>
				<mapproj><mapprojn Sync="TRUE">Lambert Conformal Conic</mapprojn><lambertc><stdparll Sync="TRUE">38.333333</stdparll><stdparll Sync="TRUE">39.833333</stdparll><longcm Sync="TRUE">-122.000000</longcm><latprjo Sync="TRUE">37.666667</latprjo><feast Sync="TRUE">6561666.666667</feast><fnorth Sync="TRUE">1640416.666667</fnorth></lambertc></mapproj></planar>
			<geodetic>
				<horizdn Sync="TRUE">North American Datum of 1983</horizdn>
				<ellips Sync="TRUE">Geodetic Reference System 80</ellips>
				<semiaxis Sync="TRUE">6378137.000000</semiaxis>
				<denflat Sync="TRUE">298.257222</denflat>
			</geodetic>
			<cordsysn><geogcsn Sync="TRUE">GCS_North_American_1983</geogcsn><projcsn Sync="TRUE">NAD_1983_StatePlane_California_II_FIPS_0402_Feet</projcsn></cordsysn></horizsys>
		<vertdef>
			<altsys>
				<altres Sync="TRUE">1.000000</altres>
				<altenc Sync="TRUE">Explicit elevation coordinate included with horizontal coordinates</altenc>
			</altsys>
		</vertdef>
	</spref>
	<eainfo>
		<detailed Name="MAIN.BASE.ADR_ADDRESSES">
			<enttyp>
				<enttypl Sync="TRUE">MAIN.BASE.ADR_ADDRESSES</enttypl>
				<enttypt Sync="TRUE">Feature Class</enttypt><enttypc Sync="TRUE">214240</enttypc></enttyp>
			<attr>
				<attrlabl Sync="TRUE">ADDRESSID</attrlabl>
				<attrdef Sync="TRUE">Internal feature number.</attrdef>
				<attrdefs Sync="TRUE">ESRI</attrdefs>
				<attrdomv>
					<udom Sync="TRUE">Sequential unique whole numbers that are automatically generated.</udom>
				</attrdomv>
				<attalias Sync="TRUE">AddressID</attalias><attrtype Sync="TRUE">Integer</attrtype><attwidth Sync="TRUE">4</attwidth><atprecis Sync="TRUE">10</atprecis><attscale Sync="TRUE">0</attscale></attr>
			<attr><attrlabl Sync="TRUE">STREETID</attrlabl><attalias Sync="TRUE">StreetID</attalias><attrtype Sync="TRUE">Integer</attrtype><attwidth Sync="TRUE">4</attwidth><atprecis Sync="TRUE">10</atprecis><attscale Sync="TRUE">0</attscale><attrdef>Number represents the SEGID for the nearest street segment.</attrdef></attr><attr><attrlabl Sync="TRUE">Num</attrlabl><attalias Sync="TRUE">Num</attalias><attrtype Sync="TRUE">Integer</attrtype><attwidth Sync="TRUE">4</attwidth><atprecis Sync="TRUE">10</atprecis><attscale Sync="TRUE">0</attscale></attr><attr><attrlabl Sync="TRUE">NumExt</attrlabl><attalias Sync="TRUE">NumExt</attalias><attrtype Sync="TRUE">String</attrtype><attwidth Sync="TRUE">6</attwidth><atprecis Sync="TRUE">0</atprecis><attscale Sync="TRUE">0</attscale></attr><attr><attrlabl Sync="TRUE">Unit</attrlabl><attalias Sync="TRUE">Unit</attalias><attrtype Sync="TRUE">String</attrtype><attwidth Sync="TRUE">8</attwidth><atprecis Sync="TRUE">0</atprecis><attscale Sync="TRUE">0</attscale></attr><attr><attrlabl Sync="TRUE">PreDir</attrlabl><attalias Sync="TRUE">PreDir</attalias><attrtype Sync="TRUE">String</attrtype><attwidth Sync="TRUE">2</attwidth><atprecis Sync="TRUE">0</atprecis><attscale Sync="TRUE">0</attscale></attr><attr><attrlabl Sync="TRUE">Name</attrlabl><attalias Sync="TRUE">Name</attalias><attrtype Sync="TRUE">String</attrtype><attwidth Sync="TRUE">30</attwidth><atprecis Sync="TRUE">0</atprecis><attscale Sync="TRUE">0</attscale></attr><attr><attrlabl Sync="TRUE">Type</attrlabl><attalias Sync="TRUE">Type</attalias><attrtype Sync="TRUE">String</attrtype><attwidth Sync="TRUE">4</attwidth><atprecis Sync="TRUE">0</atprecis><attscale Sync="TRUE">0</attscale></attr><attr><attrlabl Sync="TRUE">SufDir</attrlabl><attalias Sync="TRUE">SufDir</attalias><attrtype Sync="TRUE">String</attrtype><attwidth Sync="TRUE">2</attwidth><atprecis Sync="TRUE">0</atprecis><attscale Sync="TRUE">0</attscale></attr><attr><attrlabl Sync="TRUE">SiteType</attrlabl><attalias Sync="TRUE">SiteType</attalias><attrtype Sync="TRUE">String</attrtype><attwidth Sync="TRUE">25</attwidth><atprecis Sync="TRUE">0</atprecis><attscale Sync="TRUE">0</attscale></attr><attr><attrlabl Sync="TRUE">SiteName</attrlabl><attalias Sync="TRUE">SiteName</attalias><attrtype Sync="TRUE">String</attrtype><attwidth Sync="TRUE">60</attwidth><atprecis Sync="TRUE">0</atprecis><attscale Sync="TRUE">0</attscale></attr><attr><attrlabl Sync="TRUE">ZipCode</attrlabl><attalias Sync="TRUE">ZipCode</attalias><attrtype Sync="TRUE">String</attrtype><attwidth Sync="TRUE">10</attwidth><atprecis Sync="TRUE">0</atprecis><attscale Sync="TRUE">0</attscale></attr><attr><attrlabl Sync="TRUE">Mun</attrlabl><attalias Sync="TRUE">Mun</attalias><attrtype Sync="TRUE">String</attrtype><attwidth Sync="TRUE">30</attwidth><atprecis Sync="TRUE">0</atprecis><attscale Sync="TRUE">0</attscale></attr><attr><attrlabl Sync="TRUE">SrcAgency</attrlabl><attalias Sync="TRUE">SrcAgency</attalias><attrtype Sync="TRUE">String</attrtype><attwidth Sync="TRUE">35</attwidth><atprecis Sync="TRUE">0</atprecis><attscale Sync="TRUE">0</attscale></attr><attr><attrlabl Sync="TRUE">DataFormat</attrlabl><attalias Sync="TRUE">DataFormat</attalias><attrtype Sync="TRUE">String</attrtype><attwidth Sync="TRUE">20</attwidth><atprecis Sync="TRUE">0</atprecis><attscale Sync="TRUE">0</attscale></attr><attr><attrlabl Sync="TRUE">SpatAccy</attrlabl><attalias Sync="TRUE">SpatAccy</attalias><attrtype Sync="TRUE">String</attrtype><attwidth Sync="TRUE">16</attwidth><atprecis Sync="TRUE">0</atprecis><attscale Sync="TRUE">0</attscale></attr><attr><attrlabl Sync="TRUE">LABEL</attrlabl><attalias Sync="TRUE">Label</attalias><attrtype Sync="TRUE">String</attrtype><attwidth Sync="TRUE">62</attwidth><atprecis Sync="TRUE">0</atprecis><attscale Sync="TRUE">0</attscale><attrdef>Address including street number, street name, pre direction, suffix direction, and street type.</attrdef></attr><attr><attrlabl Sync="TRUE">Editor</attrlabl><attalias Sync="TRUE">Editor</attalias><attrtype Sync="TRUE">String</attrtype><attwidth Sync="TRUE">15</attwidth><atprecis Sync="TRUE">0</atprecis><attscale Sync="TRUE">0</attscale></attr><attr><attrlabl Sync="TRUE">TS</attrlabl><attalias Sync="TRUE">TS</attalias><attrtype Sync="TRUE">Date</attrtype><attwidth Sync="TRUE">36</attwidth><atprecis Sync="TRUE">0</atprecis><attscale Sync="TRUE">0</attscale><attrdef>Time stamp</attrdef></attr><attr><attrlabl Sync="TRUE">SHAPE</attrlabl><attalias Sync="TRUE">SHAPE</attalias><attrtype Sync="TRUE">Geometry</attrtype><attwidth Sync="TRUE">4</attwidth><atprecis Sync="TRUE">0</atprecis><attscale Sync="TRUE">0</attscale><attrdef Sync="TRUE">Feature geometry.</attrdef><attrdefs Sync="TRUE">ESRI</attrdefs><attrdomv><udom Sync="TRUE">Coordinates defining the features.</udom></attrdomv></attr><attr><attrlabl Sync="TRUE">SHAPE.fid</attrlabl><attalias Sync="TRUE">SHAPE.fid</attalias><attrtype Sync="TRUE">OID</attrtype><attwidth Sync="TRUE">0</attwidth><atprecis Sync="TRUE">0</atprecis><attscale Sync="TRUE">0</attscale><attrdef Sync="TRUE">Internal feature number.</attrdef><attrdefs Sync="TRUE">ESRI</attrdefs><attrdomv><udom Sync="TRUE">Sequential unique whole numbers that are automatically generated.</udom></attrdomv></attr></detailed>
	</eainfo>
	<distinfo>
		<distrib>
			<cntinfo>
				<cntorgp>
					<cntorg>County of Sonoma GIS Group</cntorg>
					<cntper>Staff</cntper>
				</cntorgp>
				<cntaddr>
					<addrtype>mailing address</addrtype>
					<address>2615 Paulin Drive</address>
					<city>Santa Rosa</city>
					<state>CA</state>
					<postal>95403</postal>
					<country>USA</country>
				</cntaddr>
				<cntvoice>(707)565 3819</cntvoice>
				<cntfax>(707)565-3009</cntfax>
				<cntemail>gis@sonoma-county.org</cntemail>
				<hours>M - F 8am to 5 pm</hours>
				<cntinst>Data requests should be directed to the contact Email address, General questions should be directed to the Contact Voice Telephone and a detailed message left.  The call will be directed to the appropriate staff member.</cntinst>
			</cntinfo>
		</distrib>
		<resdesc>Available by Mail only at this time.</resdesc>
		<distliab>The Sonoma County Information Systems Department GIS Group is the rightful owner of the data and is responsible for maintaining it for the internal use of County staff.  The County of Sonoma assumes no responsibility arising from use of this information by the public or by private agencies. THE MAPS AND ASSOCIATED DATA ARE PROVIDED WITHOUT WARRANTY OF ANY KIND, expressed or implied, including but not limited to, the implied warranties of merchantability and fitness for a particular purpose. Do not make any business decisions based on this data before validating your decision with the appropriate County office.  You may use, copy, merge, alter, reproduce and/or create derivative works of the digital data for your agency's INTERNAL USE ONLY.  You may make one (1) archival copy of the CD for back-up purposes.  However, the data may NOT be re-distributed to a third-party source in hard copy (paper) or digital form (CD, other media, or via the Internet) without the express written permission of the Sonoma County ISD/GIS Group.  All rights not specifically granted herein are reserved to the copyright owners.  Use of this data constitutes acknowledgment of, and agreement to, all of the stated provisions.</distliab>
		<stdorder>
			<digform>
				<digtinfo>
					<formname>Shapefile</formname>
					<filedec>no compression applied</filedec>
				</digtinfo>
				<digtopt>
					<offoptn>
						<offmedia>CD-ROM</offmedia>
					</offoptn>
				</digtopt>
			</digform>
			<fees>$126.00 per CD</fees>
			<ordering>The ISD/GIS Group is currently charging $126 per CD to cover staff time and the cost of reproduction.  Currently, one (1) vector data CD will be sent to the data requestor in ESRI ArcView shapefile format.  We do not automatically provide updates to the data.  A request for updates or replacement of lost CD(s) is treated as a new request.  Make requests directly to the GIS Request Line at (707) 565-3819 or via E-mail at gis@sonoma-county.org.  Please include your contact information, including name, agency, telephone number, and E-mail address.  Requests are normally shipped within 10 business days.</ordering>
			<turnarnd>10 days or less</turnarnd>
		</stdorder>
		<custom>Should be made the GIS request line (707) 565-3819.</custom>
		<availabl>
			<timeinfo>
				<mdattim></mdattim>
			</timeinfo>
		</availabl>
	</distinfo>
	<metainfo>
		<metd Sync="TRUE">20130110</metd>
		<metc>
			<cntinfo>
				<cntaddr>
					<addrtype>mailing address</addrtype>
					<address>2615 Paulin Drive</address>
					<city>Santa Rosa</city>
					<state>CA</state>
					<postal>95403</postal>
					<country>USA</country>
				</cntaddr>
				<cntvoice>(707)565-3819</cntvoice>
				<cnttdd>Not Available</cnttdd>
				<cntfax>(707)565-3009</cntfax>
				<cntemail>gis@sonoma-county.org</cntemail>
				<hours>M-F 8am to 5pm</hours>
				<cntinst>Data requests should be directed to the contact Email address, General questions should be directed to the Contact Voice Telephone and a detailed message left.  The call will be directed to the appropriate staff member.</cntinst>
				<cntorgp><cntorg>County of Sonoma ISD GIS Central</cntorg></cntorgp></cntinfo>
		</metc>
		<metstdn Sync="TRUE">FGDC Content Standards for Digital Geospatial Metadata</metstdn>
		<metstdv Sync="TRUE">FGDC-STD-001-1998</metstdv>
		<mettc Sync="TRUE">local time</mettc>
		<metextns>
			<onlink>http://www.esri.com/metadata/esriprof80.html</onlink>
			<metprof>ESRI Metadata Profile</metprof>
		</metextns>
		<metextns>
			<onlink>http://www.esri.com/metadata/esriprof80.html</onlink>
			<metprof>ESRI Metadata Profile</metprof>
		</metextns>
		<langmeta Sync="TRUE">en</langmeta><metextns><onlink Sync="TRUE">http://www.esri.com/metadata/esriprof80.html</onlink><metprof Sync="TRUE">ESRI Metadata Profile</metprof></metextns></metainfo>
	<Esri><CreaDate>20141212</CreaDate><CreaTime>08541500</CreaTime><SyncOnce>FALSE</SyncOnce><SyncDate>20130110</SyncDate><SyncTime>10591300</SyncTime><ModDate>20130110</ModDate><ModTime>11035300</ModTime><DataProperties><lineage><Process Name="Select Layer By Attribute" ToolSource="C:\Program Files\ArcGIS\ArcToolbox\Toolboxes\Data Management Tools.tbx\SelectLayerByAttribute" Date="20110421" Time="163812">SelectLayerByAttribute MAIN.BASE.ADR_ADDRESSES NEW_SELECTION "Unit IS NOT NULL" MAIN.BASE.ADR_ADDRESSES</Process><Process Name="Select Layer By Attribute (2)" ToolSource="C:\Program Files\ArcGIS\ArcToolbox\Toolboxes\Data Management Tools.tbx\SelectLayerByAttribute" Date="20110421" Time="163840">SelectLayerByAttribute MAIN.BASE.ADR_ADDRESSES NEW_SELECTION "Unit IS NULL" MAIN.BASE.ADR_ADDRESSES</Process><Process Name="Select Layer By Attribute" ToolSource="C:\Program Files\ArcGIS\ArcToolbox\Toolboxes\Data Management Tools.tbx\SelectLayerByAttribute" Date="20110427" Time="085403">SelectLayerByAttribute MAIN.BASE.ADR_ADDRESSES NEW_SELECTION "Unit IS NOT NULL" MAIN.BASE.ADR_ADDRESSES</Process><Process Name="Select Layer By Attribute (2)" ToolSource="C:\Program Files\ArcGIS\ArcToolbox\Toolboxes\Data Management Tools.tbx\SelectLayerByAttribute" Date="20110427" Time="085427">SelectLayerByAttribute MAIN.BASE.ADR_ADDRESSES NEW_SELECTION "Unit IS NULL" MAIN.BASE.ADR_ADDRESSES</Process><Process ToolSource="C:\Program Files\ArcGIS\ArcToolbox\Toolboxes\Conversion Tools.tbx\FeatureClassToFeatureClass" Date="20110627" Time="103038">FeatureClassToFeatureClass "Database Connections\SC-GISSQL to MAIN.sde\MAIN.BASE.ADR_ADDRESSES" "Database Connections\SC-GISSQLDEV to EDIT as BASE.sde" ADR_ADDRESSES # "AddressID 'AddressID' true false false 4 Long 0 10 ,First,#,Database Connections\SC-GISSQL to MAIN.sde\MAIN.BASE.ADR_ADDRESSES,AddressID,-1,-1;StreetID 'StreetID' true true false 4 Long 0 10 ,First,#,Database Connections\SC-GISSQL to MAIN.sde\MAIN.BASE.ADR_ADDRESSES,StreetID,-1,-1;Num 'Num' true true false 4 Long 0 10 ,First,#,Database Connections\SC-GISSQL to MAIN.sde\MAIN.BASE.ADR_ADDRESSES,Num,-1,-1;NumExt 'NumExt' true true false 6 Text 0 0 ,First,#,Database Connections\SC-GISSQL to MAIN.sde\MAIN.BASE.ADR_ADDRESSES,NumExt,-1,-1;Unit 'Unit' true true false 8 Text 0 0 ,First,#,Database Connections\SC-GISSQL to MAIN.sde\MAIN.BASE.ADR_ADDRESSES,Unit,-1,-1;PreDir 'PreDir' true true false 2 Text 0 0 ,First,#,Database Connections\SC-GISSQL to MAIN.sde\MAIN.BASE.ADR_ADDRESSES,PreDir,-1,-1;Name 'Name' true true false 30 Text 0 0 ,First,#,Database Connections\SC-GISSQL to MAIN.sde\MAIN.BASE.ADR_ADDRESSES,Name,-1,-1;Type 'Type' true true false 4 Text 0 0 ,First,#,Database Connections\SC-GISSQL to MAIN.sde\MAIN.BASE.ADR_ADDRESSES,Type,-1,-1;SufDir 'SufDir' true true false 2 Text 0 0 ,First,#,Database Connections\SC-GISSQL to MAIN.sde\MAIN.BASE.ADR_ADDRESSES,SufDir,-1,-1;SiteType 'SiteType' true true false 25 Text 0 0 ,First,#,Database Connections\SC-GISSQL to MAIN.sde\MAIN.BASE.ADR_ADDRESSES,SiteType,-1,-1;SiteName 'SiteName' true true false 60 Text 0 0 ,First,#,Database Connections\SC-GISSQL to MAIN.sde\MAIN.BASE.ADR_ADDRESSES,SiteName,-1,-1;ZipCode 'ZipCode' true true false 10 Text 0 0 ,First,#,Database Connections\SC-GISSQL to MAIN.sde\MAIN.BASE.ADR_ADDRESSES,ZipCode,-1,-1;Mun 'Mun' true true false 30 Text 0 0 ,First,#,Database Connections\SC-GISSQL to MAIN.sde\MAIN.BASE.ADR_ADDRESSES,Mun,-1,-1;SrcAgency 'SrcAgency' true true false 35 Text 0 0 ,First,#,Database Connections\SC-GISSQL to MAIN.sde\MAIN.BASE.ADR_ADDRESSES,SrcAgency,-1,-1;DataFormat 'DataFormat' true true false 20 Text 0 0 ,First,#,Database Connections\SC-GISSQL to MAIN.sde\MAIN.BASE.ADR_ADDRESSES,DataFormat,-1,-1;SpatAccy 'SpatAccy' true true false 16 Text 0 0 ,First,#,Database Connections\SC-GISSQL to MAIN.sde\MAIN.BASE.ADR_ADDRESSES,SpatAccy,-1,-1;Label 'Label' true true false 62 Text 0 0 ,First,#,Database Connections\SC-GISSQL to MAIN.sde\MAIN.BASE.ADR_ADDRESSES,Label,-1,-1;Editor 'Editor' true true false 15 Text 0 0 ,First,#,Database Connections\SC-GISSQL to MAIN.sde\MAIN.BASE.ADR_ADDRESSES,Editor,-1,-1;TS 'TS' true true false 36 Date 0 0 ,First,#,Database Connections\SC-GISSQL to MAIN.sde\MAIN.BASE.ADR_ADDRESSES,TS,-1,-1" # "Database Connections\SC-GISSQLDEV to EDIT as BASE.sde\EDIT.BASE.ADR_ADDRESSES"</Process></lineage></DataProperties><ArcGISFormat>1.0</ArcGISFormat><ArcGISstyle>FGDC CSDGM Metadata</ArcGISstyle></Esri><dataIdInfo><envirDesc Sync="TRUE">Microsoft Windows XP Version 5.1 (Build 2600) Service Pack 3; ESRI ArcCatalog 9.3.1.3500</envirDesc><dataLang><languageCode Sync="TRUE" value="en"></languageCode></dataLang><idCitation><resTitle Sync="TRUE">MAIN.BASE.ADR_ADDRESSES</resTitle><presForm><PresFormCd Sync="TRUE" value="005"></PresFormCd></presForm></idCitation><spatRpType><SpatRepTypCd Sync="TRUE" value="001"></SpatRepTypCd></spatRpType><dataExt><geoEle><GeoBndBox esriExtentType="native"><westBL Sync="TRUE">6125034.000059</westBL><eastBL Sync="TRUE">6455599.000017</eastBL><northBL Sync="TRUE">2073336.999969</northBL><southBL Sync="TRUE">1804559.000124</southBL><exTypeCode Sync="TRUE">1</exTypeCode></GeoBndBox></geoEle></dataExt><geoBox esriExtentType="decdegrees"><westBL Sync="TRUE">-123.533177</westBL><eastBL Sync="TRUE">-122.368647</eastBL><northBL Sync="TRUE">38.854791</northBL><southBL Sync="TRUE">38.107347</southBL><exTypeCode Sync="TRUE">1</exTypeCode></geoBox></dataIdInfo><mdLang><languageCode Sync="TRUE" value="en"></languageCode></mdLang><mdStanName Sync="TRUE">ISO 19115 Geographic Information - Metadata</mdStanName><mdStanVer Sync="TRUE">DIS_ESRI1.0</mdStanVer><mdChar><CharSetCd Sync="TRUE" value="004"></CharSetCd></mdChar><mdHrLv><ScopeCd Sync="TRUE" value="005"></ScopeCd></mdHrLv><mdHrLvName Sync="TRUE">dataset</mdHrLvName><distInfo><distributor><distorTran><onLineSrc><orDesc Sync="TRUE">002</orDesc><linkage Sync="TRUE">Server=sc-gissql; Service=sde:sqlserver:sc-gissql\scgissql; Database=MAIN; User=BASE; Version=sde.DEFAULT</linkage><protocol Sync="TRUE">ArcSDE Connection</protocol></onLineSrc></distorTran><distorFormat><formatName Sync="TRUE">SDE Feature Class</formatName></distorFormat></distributor></distInfo><refSysInfo><RefSystem><refSysID><identCode Sync="TRUE">NAD_1983_StatePlane_California_II_FIPS_0402_Feet</identCode></refSysID></RefSystem></refSysInfo><spatRepInfo><VectSpatRep><topLvl><TopoLevCd Sync="TRUE" value="001"></TopoLevCd></topLvl><geometObjs Name="MAIN.BASE.ADR_ADDRESSES"><geoObjTyp><GeoObjTypCd Sync="TRUE" value="004"></GeoObjTypCd></geoObjTyp><geoObjCnt Sync="TRUE">214240</geoObjCnt></geometObjs></VectSpatRep></spatRepInfo><mdDateSt Sync="TRUE">20130110</mdDateSt></metadata>
